x,u,v,v,q,k,d,y,k,y,o,r,c,m,i,f,e,o,j,l,r,a,i,p,m,q,f,b,v,c,m,o,l,q,v,u,u,m,h,x,s,j,h,v,s,p,x,v,e,i,b,r,p,t,e,b,x,u,e,k,j,t,k,o,m,d,y,s,w,d,i,s,z,q,c,k,v,a,g,p,z,v,w,s,p,q,s,m,y,m,i,w,c,i,r,v,k,z,z,a
m,z,t,c,q,b,y,h,t,q,a,r,w,m,j,i,a,m,n,f,j,h,p,k,f,b,w,q,v,i,f,p,f,j,m,s,g,b,e,v,y,b,e,c,m,u,j,s,p,m,n,n,u,z,h,y,j,p,s,l,j,s,g,g,v,h,h,h,i,f,i,y,q,m,w,s,t,z,y,o,o,i,t,l,n,i,c,k,s,m,q,x,g,y,n,y,w,q,d,j
g,n,b,y,h,b,q,n,a,q,z,u,j,n,k,i,f,y,g,o,l,z,m,n,z,g,f,q,m,w,t,s,s,d,t,w,g,n,j,j,c,s,w,h,c,m,t,d,x,f,z,m,u,a,x,t,b,y,o,m,h,k,c,b,a,t,a,u,o,x,t,l,z,i,e,b,a,m,q,m,m,s,e,b,s,e,k,o,t,r,g,v,h,h,a,s,v,q,b,f
c,h,s,g,p,i,h,f,f,p,p,c,w,m,k,i,o,w,j,g,k,w,m,s,n,c,h,d,t,t,q,k,s,h,c,q,i,y,f,s,f,w,y,l,n,v,v,j,g,m,v,g,k,a,m,o,p,t,o,t,p,z,x,x,d,w,g,r,c,t,y,o,y,h,p,x,x,l,m,j,m,g,y,k,h,i,w,i,n,t,b,x,j,r,t,u,w,l,z,l
w,o,y,n,p,g,x,t,w,m,v,c,k,q,f,g,k,o,p,s,g,n,h,j,u,v,v,k,i,v,y,x,j,m,o,p,w,d,c,v,g,f,m,m,w,i,x,x,t,j,l,x,q,o,l,h,c,b,s,e,t,k,z,o,i,h,s,t,n,t,h,f,d,p,m,z,w,g,r,n,s,h,t,a,r,v,f,q,h,f,i,r,h,w,s,c,d,x,b,t
i,f,a,d,d,o,z,j,x,j,m,i,y,q,s,u,r,k,p,b,i,m,e,l,v,p,w,c,z,t,t,i,q,s,h,j,u,w,a,d,d,f,r,c,b,j,d,p,n,z,z,r,d,n,j,m,m,f,n,a,u,b,a,v,k,j,b,o,j,z,k,a,m,l,j,s,v,h,q,y,j,j,v,d,g,y,t,c,z,c,i,r,h,g,h,y,t,k,o,j
h,j,j,a,x,q,u,x,j,m,l,p,k,i,l,v,h,v,s,y,k,p,j,t,q,h,z,o,q,d,l,p,t,o,z,a,t,e,m,r,d,p,x,i,r,c,v,d,n,s,p,c,n,n,c,b,z,e,t,h,k,c,o,u,p,c,w,b,u,e,k,n,o,y,y,t,z,t,k,t,z,y,h,u,a,t,v,v,s,x,h,h,g,l,z,o,v,t,p,z
z,y,r,f,y,c,d,d,k,q,k,e,l,w,i,d,x,z,y,z,j,z,i,x,v,m,f,i,s,t,b,m,s,b,m,b,o,u,j,j,i,r,i,e,g,s,v,b,k,u,u,l,o,c,d,v,x,f,w,b,q,m,o,c,z,r,a,d,h,v,n,w,c,s,t,i,f,z,s,z,t,g,r,f,h,z,w,s,f,k,z,m,k,c,p,i,u,c,j,g
j,f,x,x,k,u,p,s,h,h,s,h,l,w,q,j,z,h,a,p,r,x,s,c,r,d,a,y,y,z,e,i,b,i,y,l,c,l,p,t,k,q,v,a,c,u,i,d,d,v,u,m,q,s,c,g,j,j,g,h,o,x,b,n,x,g,x,a,e,s,u,g,u,c,w,t,t,e,w,c,p,f,o,n,m,d,o,v,m,t,j,a,z,b,g,y,z,c,j,g
w,m,f,v,w,s,k,n,u,z,e,s,v,m,c,l,s,j,o,i,u,a,q,n,d,z,q,b,u,y,c,f,o,o,h,b,o,p,g,z,u,e,a,v,p,a,m,b,n,z,d,s,g,o,f,x,a,i,i,x,r,m,y,r,j,l,o,f,q,c,z,p,m,g,i,a,k,i,s,b,n,q,q,n,i,w,h,j,j,i,d,p,m,o,n,x,t,u,s,y
l,h,z,w,q,a,h,m,y,y,w,w,m,z,c,m,z,i,a,b,z,u,k,r,k,d,j,e,n,i,b,m,x,k,n,q,l,f,d,x,t,m,y,g,h,g,v,r,y,i,c,t,b,k,n,y,h,x,h,l,y,u,o,f,m,p,x,o,n,c,a,m,e,j,v,q,a,w,e,z,m,k,d,o,l,q,q,q,i,n,p,q,v,r,y,o,y,c,l,j
q,h,m,j,h,a,a,n,e,g,a,n,g,k,u,o,i,n,q,a,k,k,g,r,y,r,a,e,a,r,a,g,n,r,b,v,c,d,n,p,x,t,u,j,y,a,n,j,m,i,d,h,k,u,y,m,f,f,p,s,v,e,n,l,u,n,k,a,l,g,r,z,u,e,e,d,e,w,z,s,v,a,a,f,s,p,i,r,z,b,p,t,w,j,r,q,l,d,u,y
o,p,n,e,k,d,d,p,t,a,j,f,w,x,n,p,c,h,p,s,p,j,z,l,h,t,i,l,h,m,h,y,m,o,v,h,c,j,g,n,c,o,e,l,f,r,i,j,r,f,q,j,u,u,q,a,z,h,o,q,z,q,i,j,x,j,i,s,t,r,q,d,r,a,b,w,x,z,f,y,g,k,c,k,n,i,t,i,y,j,j,c,p,u,r,o,b,m,p,c
l,g,s,w,x,s,b,h,v,b,y,j,q,d,q,z,y,m,v,m,a,q,x,d,b,u,g,f,l,y,s,y,l,p,o,t,t,e,c,c,c,l,a,v,m,p,a,m,w,y,k,t,o,w,u,c,l,i,q,s,u,m,b,l,c,n,g,s,n,t,f,k,b,u,z,p,e,t,a,o,r,p,c,d,l,s,z,h,k,q,u,a,s,a,a,c,h,t,f,j
m,g,g,e,b,x,q,i,q,m,j,l,g,g,j,b,v,o,m,e,l,e,m,b,l,n,h,x,i,c,j,x,p,l,f,y,a,w,u,x,m,r,f,b,u,w,e,o,m,a,g,m,h,h,g,l,g,o,b,r,i,b,e,y,u,i,l,n,m,b,b,t,r,c,a,d,s,f,x,o,f,v,m,p,b,i,a,o,d,m,s,a,t,w,v,m,u,w,b,f
e,r,t,o,e,m,u,u,v,w,f,q,c,m,e,o,f,f,c,l,s,f,c,g,e,d,u,m,o,t,p,a,a,y,n,j,y,p,t,w,r,f,p,e,c,e,a,o,s,k,d,j,b,m,r,y,q,z,y,h,d,e,z,a,x,z,r,e,w,j,p,x,x,y,g,c,w,x,m,m,x,m,u,g,w,h,w,c,r,a,h,d,k,r,e,d,g,a,p,m
d,w,k,u,j,h,j,x,y,s,j,c,h,n,y,v,f,b,p,f,z,k,c,b,s,u,m,l,k,c,p,t,g,c,v,c,q,x,g,y,f,x,i,i,j,f,m,f,j,e,c,o,p,x,b,t,h,s,n,r,d,c,m,p,n,q,c,m,p,h,u,v,x,u,k,l,x,u,y,c,j,i,z,r,o,t,l,f,t,j,s,d,t,i,k,g,o,u,w,a
a,e,n,u,g,u,q,l,t,f,w,r,i,p,f,e,e,p,d,r,i,t,p,p,o,e,b,p,r,i,g,a,k,v,y,d,y,h,d,u,o,t,b,u,e,f,o,f,v,h,q,l,v,s,n,a,r,e,j,o,l,i,j,u,j,f,d,m,y,q,g,j,o,u,h,f,s,s,y,x,f,x,p,k,p,c,v,n,j,i,v,o,y,v,h,n,w,w,f,x
z,n,e,z,l,i,j,k,j,g,r,o,j,c,u,l,g,y,j,o,e,f,t,m,h,p,i,h,p,h,x,s,f,b,h,w,s,i,k,g,l,x,n,s,n,q,c,g,n,h,m,h,l,l,r,h,c,r,f,b,e,l,g,u,i,a,z,p,s,u,y,a,k,a,g,i,m,r,s,p,w,r,i,q,b,p,l,t,a,v,o,w,n,c,a,h,j,t,y,b
i,i,j,j,q,r,e,r,o,n,g,y,e,x,o,f,k,w,x,s,e,k,d,d,z,o,k,m,e,m,x,a,w,j,v,o,q,e,c,k,q,e,z,v,b,k,r,b,t,x,i,c,n,b,p,n,x,k,x,j,i,y,n,s,x,n,h,u,d,w,w,q,d,o,w,a,b,x,f,k,h,n,i,c,d,o,c,n,h,u,j,o,b,w,u,j,b,g,y,r
q,l,l,l,s,p,o,y,c,l,d,f,s,x,b,o,i,r,a,m,q,d,u,z,f,b,j,f,d,q,q,v,g,k,q,u,l,d,v,r,i,i,y,v,v,p,l,c,u,q,i,x,t,r,t,h,t,g,t,g,z,p,m,a,l,p,i,i,r,g,l,f,d,o,r,v,v,s,o,e,a,o,f,f,r,b,v,y,i,r,t,j,a,i,y,g,w,k,a,b
e,w,p,c,s,v,v,w,l,b,d,s,l,o,p,z,v,a,q,s,r,f,l,o,c,j,x,d,i,a,z,m,c,p,w,a,h,x,i,v,d,r,w,i,b,r,f,k,j,k,g,g,d,e,n,c,j,s,r,w,i,m,c,b,i,m,i,h,l,e,q,z,q,g,r,g,z,j,t,s,l,z,c,j,d,s,h,a,x,j,x,w,w,n,j,e,m,a,j,u
h,h,t,q,u,j,i,u,g,o,p,n,l,d,a,o,g,q,j,f,a,b,w,w,a,b,p,g,z,i,p,j,c,q,w,a,q,n,x,k,z,e,u,t,l,j,e,r,e,n,b,m,c,b,k,v,r,c,p,i,l,e,h,l,x,z,e,y,z,a,g,g,l,s,q,s,m,a,u,z,k,s,p,c,p,m,t,w,u,l,x,a,g,e,x,n,l,d,e,y
v,h,y,z,p,y,e,m,p,l,k,y,n,f,i,u,n,v,o,z,y,u,g,o,j,p,r,h,y,f,v,c,y,w,v,s,w,u,b,m,t,e,n,t,w,i,s,k,g,w,u,b,v,g,q,u,q,m,p,v,h,b,x,e,n,u,q,n,r,d,g,b,u,j,p,n,s,b,o,l,c,g,a,e,n,v,m,g,g,p,n,c,k,n,f,k,p,j,e,u
r,f,n,q,r,z,u,f,k,d,d,l,v,g,s,d,f,j,f,l,j,u,k,g,c,s,h,j,l,w,x,o,o,p,i,o,s,o,q,z,u,y,f,q,k,t,a,n,i,j,h,w,b,n,f,a,x,r,d,n,x,c,c,y,e,w,a,u,h,n,o,s,g,r,i,z,u,f,t,g,r,n,z,t,d,w,a,g,u,p,r,t,v,j,j,g,m,w,d,z
i,u,s,f,y,u,p,r,a,f,f,a,g,d,p,h,g,k,p,w,y,c,s,m,c,d,v,m,c,o,d,t,t,q,s,o,u,j,u,s,a,b,r,f,s,n,s,y,v,r,y,y,b,g,h,h,s,t,t,r,r,y,q,z,q,f,x,p,q,j,v,m,f,l,x,x,x,y,m,u,u,j,m,t,i,k,y,d,j,v,i,l,f,h,h,s,c,u,o,q
l,l,v,a,d,m,b,i,b,q,m,s,z,k,v,n,y,k,a,u,r,z,b,t,z,s,y,l,d,i,g,j,v,f,q,d,e,j,i,g,g,y,e,r,d,t,s,n,d,a,g,b,v,m,u,w,s,f,y,n,b,t,l,y,c,p,q,v,k,f,z,b,e,h,q,o,f,r,b,b,v,r,x,t,y,e,l,d,u,n,a,w,k,w,c,d,g,y,z,b
u,m,c,m,a,c,k,a,v,r,t,q,u,c,v,b,y,s,u,w,u,e,z,m,s,p,n,b,x,x,b,b,t,o,d,n,t,v,r,n,f,o,o,j,u,x,a,n,f,n,n,e,a,b,v,i,a,c,d,q,g,b,m,g,c,b,u,l,q,f,l,w,k,c,p,d,s,u,n,s,j,b,r,g,a,l,d,e,m,g,g,q,m,k,h,z,h,o,b,b
h,c,s,f,r,h,k,u,l,k,n,r,l,y,d,g,p,m,m,s,z,g,i,t,s,u,f,m,p,f,w,f,m,m,g,f,n,b,v,a,m,z,d,z,v,w,g,f,i,l,o,d,x,o,z,o,t,q,q,q,y,o,h,g,y,l,s,y,e,c,j,u,n,u,y,l,v,l,s,m,t,g,y,t,z,k,t,i,p,o,u,a,p,m,l,d,v,c,o,o
n,p,x,s,t,j,n,t,t,f,m,x,i,a,s,u,w,u,z,y,p,q,j,m,d,s,o,b,j,b,m,o,y,i,g,g,k,c,r,c,t,j,z,k,v,n,v,t,q,o,w,t,g,r,t,a,d,v,q,x,e,n,p,g,c,i,z,r,z,x,e,k,q,s,p,f,v,g,r,f,f,m,o,w,b,h,b,s,u,c,j,l,m,r,u,n,q,u,y,j
b,m,f,o,n,n,z,t,r,s,x,a,f,f,x,a,l,h,k,o,b,a,z,s,r,s,w,u,j,e,u,n,n,g,o,b,w,s,x,d,c,m,f,k,y,r,q,n,y,k,v,v,p,n,i,a,g,e,o,t,z,m,v,z,y,o,o,h,x,y,l,n,u,u,q,a,j,h,o,d,t,j,e,n,a,e,b,z,h,t,c,j,f,t,j,d,t,w,o,z
m,r,i,m,r,g,e,o,t,h,j,v,r,s,m,w,l,z,l,x,d,g,d,f,a,z,z,a,x,y,v,z,e,r,i,j,l,k,t,r,y,o,j,f,m,o,a,z,m,a,l,g,p,o,c,k,p,y,i,t,l,h,t,u,t,l,m,v,i,l,t,n,n,k,r,b,h,l,b,g,q,i,q,f,z,g,f,l,q,d,u,j,z,m,j,c,x,g,q,m
d,e,n,y,y,t,a,n,f,x,x,n,i,u,f,n,j,a,l,z,r,c,q,t,o,v,x,m,x,l,p,r,r,x,q,z,x,m,s,t,i,w,y,t,n,a,i,f,u,a,y,g,y,h,t,b,d,m,v,b,f,z,e,n,a,b,s,k,k,g,f,i,p,m,q,l,i,e,i,n,i,o,f,o,z,p,t,b,r,z,r,j,c,y,y,n,u,p,v,m
m,i,h,t,m,w,f,n,h,p,m,l,v,w,m,n,f,c,p,k,f,m,y,u,p,d,r,y,g,r,u,f,v,v,r,a,v,f,d,d,j,n,w,d,t,y,r,d,a,q,f,x,q,h,s,i,t,s,h,d,h,d,x,c,j,e,d,w,j,m,a,u,e,x,b,t,k,b,y,f,t,q,w,h,p,c,b,k,o,z,q,r,w,z,l,v,z,l,v,w
a,x,s,g,l,z,f,h,o,d,v,r,y,c,i,d,a,h,v,s,n,v,p,k,c,c,m,k,g,b,l,y,h,d,e,u,e,n,h,q,o,c,y,p,u,k,l,i,j,f,r,b,l,y,g,b,v,q,d,q,c,s,v,r,s,e,s,f,y,u,y,r,h,q,l,e,r,z,g,u,o,e,f,y,c,w,n,x,d,s,q,z,r,s,p,r,s,x,l,r
r,y,c,d,j,o,p,t,j,h,n,d,z,k,i,m,x,c,g,e,c,i,z,l,n,h,q,r,m,r,p,u,k,i,t,a,t,r,i,i,j,j,d,j,o,m,s,o,o,r,k,h,s,z,b,g,d,q,m,e,n,u,h,t,o,l,n,e,a,m,q,g,s,h,t,b,c,h,p,w,s,q,e,m,g,u,r,y,l,t,a,q,q,d,o,i,b,r,e,b
g,f,v,m,d,h,l,m,f,s,c,m,p,y,w,v,b,o,j,t,s,e,i,z,w,p,v,v,f,a,d,d,k,x,r,i,w,l,s,t,r,c,a,i,f,d,r,c,n,m,i,n,p,m,s,l,i,y,j,a,x,c,r,g,p,r,l,h,d,g,o,o,p,q,e,v,r,e,u,b,w,e,v,i,b,s,x,n,k,k,i,x,m,j,m,h,x,d,m,s
d,p,x,n,p,b,o,c,g,c,n,b,i,b,e,m,k,p,o,c,v,m,m,q,a,n,k,y,n,b,x,l,v,j,i,k,f,c,k,h,y,u,v,a,n,n,u,b,d,b,b,r,r,d,y,i,z,b,y,q,h,l,q,m,m,p,n,l,z,r,s,f,r,c,j,j,j,d,t,v,v,c,v,f,b,a,b,h,v,q,b,f,d,h,j,c,s,j,n,o
y,p,b,b,d,u,v,d,m,r,f,s,x,g,f,m,k,r,i,o,d,w,d,p,s,e,c,u,a,g,n,c,j,h,j,b,p,n,i,b,a,i,w,o,t,p,f,o,v,p,y,q,e,n,e,k,b,r,i,a,l,i,j,c,k,c,r,a,j,b,l,q,i,g,j,d,a,q,i,t,v,p,c,o,z,f,i,k,h,v,u,q,f,o,q,u,f,b,n,v
o,i,u,f,o,s,i,t,r,h,q,f,c,o,y,o,c,h,i,h,p,o,g,t,z,c,x,q,s,g,x,k,b,i,o,y,i,b,p,m,o,p,v,m,s,x,s,w,i,z,h,h,y,p,x,c,f,i,g,o,q,s,b,y,x,v,r,o,v,i,x,z,i,w,s,i,o,u,b,m,g,z,m,t,g,r,v,f,p,x,p,y,b,n,c,w,w,g,s,x
t,b,g,d,v,r,c,i,n,m,l,f,l,q,o,o,e,i,l,a,t,m,v,i,i,j,n,b,d,y,j,u,w,x,v,l,y,g,k,p,p,p,p,u,n,c,g,v,s,x,x,o,j,q,w,l,u,t,s,d,q,t,s,w,f,u,g,b,l,u,w,u,i,i,c,q,s,n,k,o,a,w,k,q,l,n,w,z,f,c,n,g,j,a,g,a,d,a,y,z
f,t,f,f,g,x,d,w,w,k,y,s,q,s,i,z,c,z,n,i,c,d,c,z,t,w,d,g,t,b,f,m,u,r,c,m,v,m,n,s,r,l,b,y,l,b,m,q,x,g,x,e,j,z,c,e,f,f,d,n,w,k,v,t,b,h,e,b,x,l,t,w,l,k,p,k,p,f,j,e,v,w,i,m,v,m,n,i,n,f,n,e,z,z,g,w,t,e,o,b
r,x,w,k,r,y,n,t,d,l,t,s,g,x,m,p,r,t,z,b,f,y,f,z,z,x,m,p,v,s,j,o,q,k,l,e,y,u,a,p,o,a,q,c,y,v,m,l,f,q,h,t,y,j,k,p,e,e,w,w,e,b,o,c,q,o,i,r,k,i,g,f,b,a,g,e,x,l,f,j,w,t,y,b,s,u,d,s,a,z,v,m,a,d,i,y,b,s,x,z
d,z,q,d,r,b,k,v,w,z,t,w,i,e,f,g,v,e,m,y,k,c,g,b,l,m,h,a,b,a,u,m,n,x,s,l,a,u,w,s,n,t,m,d,b,r,x,t,b,b,y,l,q,a,p,v,m,a,x,u,x,o,o,i,a,e,u,v,p,s,u,s,x,k,c,q,v,x,t,w,z,j,o,g,o,o,v,w,m,r,q,g,g,n,t,q,c,x,b,i
w,m,y,z,g,y,o,t,f,b,y,y,f,z,n,f,j,b,v,j,y,p,t,k,v,m,j,c,f,x,w,x,p,h,e,f,a,i,v,q,j,r,s,w,o,g,s,x,d,k,e,j,q,f,r,j,o,w,f,b,d,a,y,z,h,a,f,g,i,q,t,d,f,j,c,p,v,d,s,x,n,i,h,y,m,l,h,e,n,h,u,v,m,y,b,n,v,x,p,a
a,c,h,f,s,t,s,t,s,n,a,f,h,s,s,r,e,l,j,n,q,w,q,r,p,t,s,x,k,w,q,i,o,z,r,a,r,f,x,t,l,n,z,g,x,e,x,h,r,y,m,l,i,r,m,c,b,o,a,n,p,p,b,l,y,a,o,l,m,s,a,o,y,i,r,d,m,x,g,g,d,g,l,k,v,i,h,t,d,b,f,n,m,b,r,g,a,p,g,n
b,d,g,q,q,a,s,h,c,u,f,v,u,y,a,j,u,g,w,r,j,z,o,w,g,k,b,x,p,c,i,m,p,z,j,c,i,t,i,b,l,r,w,c,n,i,k,h,m,n,r,j,j,j,r,z,m,y,q,d,q,o,k,c,i,p,d,d,e,v,g,v,z,o,f,g,t,u,o,q,h,q,u,c,n,q,x,f,m,y,s,o,c,v,i,f,z,v,m,t
c,l,l,q,m,b,z,h,g,p,l,z,b,t,l,p,r,q,l,s,t,g,f,w,u,i,v,e,f,m,x,l,i,k,b,f,r,x,n,w,t,p,n,h,e,d,q,u,f,p,w,h,m,e,a,n,f,v,p,b,t,n,x,z,m,c,u,s,d,t,y,x,w,h,b,v,i,u,i,g,d,g,x,y,b,j,v,g,b,x,l,y,j,r,k,t,t,z,m,n
m,x,y,y,u,f,l,w,h,q,w,q,q,c,k,q,h,f,m,h,d,f,h,c,x,g,s,k,o,q,s,d,l,o,y,p,u,e,i,s,t,x,i,x,y,w,d,m,n,n,z,t,w,t,c,a,o,z,j,z,s,y,d,h,f,y,x,p,u,o,t,g,d,u,h,c,j,v,c,b,j,c,f,v,a,b,v,p,j,y,o,q,t,j,p,b,f,c,p,w
r,o,m,f,e,m,i,c,z,u,g,b,u,f,o,h,j,y,t,k,s,h,b,m,b,t,g,k,s,o,d,l,e,n,j,i,c,o,l,r,c,u,t,y,w,l,z,x,j,i,l,n,v,a,r,t,d,i,n,v,f,v,w,m,d,i,q,k,p,v,r,a,k,f,v,d,b,i,w,i,g,u,r,z,q,n,q,x,n,b,x,t,n,i,c,o,h,t,j,c
c,e,k,x,v,u,g,j,h,l,l,v,x,w,w,k,x,f,t,o,m,q,b,a,a,k,d,p,k,n,j,z,h,r,j,n,r,d,t,u,f,x,j,m,h,y,p,x,r,t,r,y,x,d,y,r,e,b,s,q,j,b,j,b,o,k,c,u,r,r,d,n,a,j,l,s,e,m,s,w,l,z,t,k,v,v,u,k,k,c,i,c,w,o,e,s,p,g,k,s
q,a,j,v,j,k,d,y,n,f,q,r,x,z,v,y,f,h,c,e,v,o,j,c,k,c,l,f,d,o,f,b,v,c,e,w,o,h,r,h,e,m,e,c,c,r,h,a,g,b,r,a,i,f,s,l,g,p,u,o,v,y,q,a,m,h,f,g,c,u,v,m,f,n,o,e,h,g,q,q,z,q,r,b,n,j,n,g,j,n,j,v,g,v,v,y,g,t,p,t
m,t,r,h,u,g,l,n,i,x,f,m,o,j,q,m,s,r,j,h,v,k,b,e,g,q,g,t,c,x,l,s,s,y,h,z,l,o,u,y,b,b,k,m,r,p,l,w,p,d,i,r,b,t,d,d,c,y,z,m,x,c,e,p,v,g,x,r,c,n,n,f,e,l,u,u,r,l,p,o,e,h,e,i,i,u,s,d,e,l,e,p,h,k,b,p,n,m,k,b
z,d,u,m,v,g,j,b,p,z,t,o,h,f,d,z,j,b,s,r,q,o,e,s,l,e,q,v,o,j,f,o,b,q,r,h,m,e,l,o,n,y,d,b,d,z,o,b,a,r,r,h,g,c,l,m,b,n,f,e,x,e,e,h,o,v,f,d,x,a,p,o,l,d,f,j,x,j,e,i,p,q,g,i,z,o,p,w,v,d,u,x,n,q,n,w,k,n,v,j
o,t,m,d,v,l,h,e,r,v,p,i,e,c,s,j,g,s,o,t,m,s,p,q,g,t,n,s,a,i,n,o,a,q,z,b,b,v,i,a,i,h,c,k,v,l,g,d,e,i,p,b,z,c,x,h,q,p,z,m,q,e,z,b,i,k,s,k,r,w,v,x,j,c,a,i,m,w,b,v,d,x,n,o,n,b,x,a,y,z,u,m,j,p,k,n,x,c,u,w
t,h,a,r,l,u,r,d,f,b,f,p,x,f,m,d,f,t,s,u,g,n,s,b,l,x,n,g,y,l,x,v,d,y,p,w,g,j,q,r,w,m,o,q,c,x,a,l,z,h,l,j,j,p,w,y,h,n,x,j,h,g,u,s,w,v,d,p,i,l,q,b,d,l,h,k,i,f,a,y,w,v,v,k,j,u,t,j,e,l,h,s,k,k,c,z,f,f,w,t
z,m,v,e,y,n,t,c,n,b,t,p,w,x,g,v,w,x,v,y,g,e,e,c,w,i,g,f,l,h,t,m,z,d,y,s,n,r,g,h,q,r,d,f,u,i,f,i,m,u,j,z,a,r,e,l,g,r,n,v,y,t,r,q,w,j,j,k,a,k,h,o,l,o,a,x,q,e,d,x,i,y,f,d,z,n,z,k,a,b,l,q,c,u,d,j,q,t,d,e
s,z,h,a,d,g,l,s,c,q,y,o,n,v,z,r,i,c,i,m,l,c,a,s,x,k,x,n,d,v,t,z,t,r,v,a,k,q,p,o,v,h,j,b,r,q,t,u,l,e,f,q,h,b,k,x,m,q,h,x,k,p,n,u,w,j,u,y,j,i,a,w,q,v,a,f,y,w,f,w,l,l,m,j,k,x,q,u,j,v,u,w,s,e,k,r,m,g,q,q
b,r,m,k,d,k,o,l,p,t,b,f,u,v,k,w,c,f,s,g,i,e,q,p,i,y,b,x,w,v,c,c,u,m,q,z,q,u,x,n,a,w,g,h,a,x,c,m,z,t,q,p,y,q,u,f,q,v,u,g,e,h,x,b,o,j,y,o,i,t,q,s,j,r,t,b,n,x,x,u,e,x,m,d,q,n,b,a,e,h,f,l,r,q,r,w,y,f,t,v
l,b,p,k,w,t,v,t,a,l,g,a,i,w,s,w,b,n,v,w,i,n,x,m,z,r,w,f,y,c,x,w,w,p,z,r,f,k,q,q,l,w,o,v,e,o,i,o,k,e,r,w,z,p,g,i,o,n,b,u,e,u,u,a,q,v,j,l,i,b,r,b,t,w,r,z,j,q,q,q,f,q,l,c,p,a,c,g,a,a,r,v,v,b,b,c,t,h,a,t
n,p,z,s,q,o,w,i,o,n,g,f,t,e,b,j,f,r,i,i,w,e,o,x,h,v,l,j,p,y,t,f,b,j,v,d,w,u,c,t,u,z,z,b,x,q,b,m,g,m,l,z,f,q,m,a,q,p,d,n,n,c,h,z,z,i,c,h,u,x,u,p,h,q,f,a,c,x,x,g,u,j,k,u,j,w,w,o,c,x,d,l,r,i,a,t,n,y,u,a
u,f,g,k,x,s,y,w,a,d,g,m,l,n,d,d,h,f,h,p,y,y,n,i,v,l,g,q,f,v,e,k,d,e,u,c,r,r,a,g,b,n,r,z,d,b,u,h,p,z,r,w,q,w,z,s,v,h,z,l,t,t,m,v,g,e,o,m,f,h,e,v,w,x,n,o,k,x,o,j,i,r,y,m,b,c,t,f,o,q,w,t,w,p,u,b,s,v,x,k
a,c,r,e,q,q,d,d,d,d,n,q,b,f,n,w,e,l,g,e,q,e,i,u,y,i,i,m,h,z,n,d,x,m,c,m,h,m,h,k,f,c,y,c,e,j,c,u,l,s,v,k,x,m,y,w,e,o,b,q,q,a,z,f,x,h,b,l,r,o,g,p,d,d,v,a,z,n,g,a,c,g,r,c,d,i,y,g,t,r,d,y,r,z,g,c,e,u,q,z
x,k,o,p,b,h,w,v,x,q,f,m,h,u,d,p,z,q,b,s,a,d,f,r,g,d,k,w,k,o,j,k,x,p,p,b,u,t,l,x,w,u,u,u,x,q,b,y,o,p,i,x,j,p,a,r,i,i,l,u,j,i,e,p,u,f,g,j,u,h,b,l,d,s,s,j,o,l,n,m,j,j,o,i,r,n,x,p,o,o,a,i,n,b,g,s,x,v,o,u
e,v,m,b,s,a,x,u,g,b,o,t,h,h,u,o,t,p,v,u,t,p,q,h,m,i,a,a,q,g,h,u,e,i,d,d,g,r,s,j,f,w,n,i,f,u,w,t,v,n,u,l,y,e,q,z,l,d,v,n,y,f,u,j,r,h,c,u,t,k,m,z,n,m,m,j,a,q,f,h,a,u,o,h,q,b,g,r,l,k,z,c,n,h,x,w,f,w,w,m
u,i,q,y,d,b,x,t,q,c,i,s,f,t,d,m,m,i,s,u,y,w,k,z,t,x,v,m,i,n,g,v,t,m,h,c,a,v,a,t,p,g,b,j,q,w,b,j,w,n,u,o,o,q,p,m,m,x,k,s,t,t,l,b,c,g,n,b,p,m,u,q,m,q,s,x,h,l,l,x,a,j,q,o,t,k,v,i,f,v,h,h,o,v,h,l,j,f,m,c
l,d,c,z,t,i,a,o,a,a,j,a,b,o,j,g,z,y,u,l,x,v,v,r,d,j,z,j,e,r,m,q,s,y,k,c,h,h,a,s,c,u,o,u,l,r,m,k,e,q,h,q,e,l,w,o,m,c,g,t,m,m,f,d,g,q,g,m,e,x,k,q,a,h,w,w,n,e,a,u,p,p,l,x,j,q,v,r,u,p,y,m,y,i,i,h,u,v,x,w
r,u,v,o,f,w,v,k,r,q,c,p,v,u,d,a,v,g,n,s,n,t,w,d,n,b,i,d,f,z,v,j,b,x,i,v,y,f,g,m,y,u,v,l,p,m,u,i,q,q,n,n,o,w,n,e,i,u,g,g,b,h,h,n,h,w,e,n,v,u,j,e,q,s,q,a,w,u,g,z,w,n,z,n,w,z,w,k,e,j,a,o,y,m,f,f,l,m,r,d
h,t,s,q,q,i,p,c,w,w,r,i,z,i,i,g,f,p,m,p,l,f,x,x,t,r,z,s,b,v,t,r,b,c,q,g,y,w,k,t,o,h,x,a,o,p,n,y,q,o,i,d,b,g,i,i,u,e,y,u,j,z,r,r,e,n,i,c,c,p,e,o,a,j,h,u,b,t,u,c,s,q,g,e,p,i,y,p,c,j,f,n,l,d,o,t,a,y,v,p
j,t,o,v,l,t,e,b,o,e,k,z,h,x,j,r,y,g,y,a,b,h,d,v,g,z,r,c,a,e,l,y,o,y,v,e,o,j,h,h,c,i,u,k,t,o,i,f,q,p,g,u,o,x,u,t,b,c,h,j,t,f,a,a,j,l,k,j,f,f,t,g,h,u,f,g,w,b,b,t,j,f,g,j,m,w,e,t,p,u,b,k,i,u,r,t,z,i,x,f
w,x,u,g,h,q,r,l,l,t,h,h,j,b,b,r,w,m,v,n,f,w,z,l,t,r,f,k,y,v,y,n,q,r,z,r,j,k,i,w,r,i,i,g,z,e,u,c,w,v,u,u,a,d,h,n,w,g,t,s,p,b,r,t,v,s,a,v,w,y,k,p,u,i,h,k,r,o,g,a,d,t,s,p,s,w,i,e,i,v,s,k,n,k,p,k,d,m,g,f
n,w,s,w,v,g,q,b,h,f,c,v,j,k,h,k,j,b,p,v,e,g,g,l,c,n,n,k,y,h,g,g,y,f,c,b,p,l,w,k,m,n,s,j,o,a,b,e,o,b,n,h,x,u,y,c,g,w,p,o,l,q,d,o,k,q,l,p,c,c,y,i,d,s,y,o,i,k,e,v,s,b,m,s,r,u,x,b,v,e,h,l,u,f,u,i,j,w,v,a
p,u,p,e,u,a,s,g,h,h,e,v,c,d,v,z,a,o,n,r,u,o,m,n,t,d,f,z,p,f,z,f,i,e,s,z,a,p,d,z,l,e,h,d,c,v,a,r,u,m,b,k,f,b,s,a,w,e,t,d,x,v,i,m,l,u,d,o,m,a,x,r,z,i,d,k,d,m,y,a,h,z,g,k,k,g,j,y,h,m,g,r,o,t,c,e,k,r,h,k
r,h,w,s,s,p,j,m,s,k,l,l,f,u,t,o,y,z,v,d,f,a,a,a,o,x,g,o,t,g,b,n,j,p,x,o,n,d,k,h,q,j,g,w,i,y,q,b,h,o,l,d,k,u,p,j,g,z,m,v,k,u,f,f,j,u,d,d,y,q,g,w,z,k,m,l,h,u,f,o,p,r,k,w,k,d,i,c,m,c,s,z,z,s,a,j,s,k,a,c
q,z,i,x,h,r,b,j,a,j,d,u,u,y,y,e,i,b,r,u,d,h,z,g,l,l,t,i,n,u,y,i,i,z,h,i,f,k,b,f,a,f,y,h,j,w,k,z,z,g,z,p,x,e,i,b,f,b,k,x,h,o,t,e,f,s,v,e,r,f,p,r,d,o,j,c,i,x,g,i,b,r,k,r,a,h,b,m,c,a,i,d,y,s,b,k,s,p,k,b
d,b,q,w,e,k,m,q,o,o,x,m,t,z,w,g,y,v,v,c,f,u,u,f,x,v,t,b,h,y,q,m,h,k,e,l,c,j,q,e,y,o,t,h,f,w,w,k,z,o,z,d,r,d,z,t,r,d,s,o,f,f,c,v,v,b,i,d,p,r,u,m,o,h,q,e,r,q,y,n,q,u,l,u,r,y,f,o,h,t,a,o,a,b,z,y,r,q,a,o
u,k,f,r,t,j,p,d,i,k,p,i,o,z,z,m,t,e,x,l,e,f,b,k,s,d,l,u,l,v,i,d,o,u,p,i,h,p,g,g,q,x,y,h,i,r,j,w,g,x,d,s,p,w,l,y,z,h,o,t,r,d,s,l,d,p,l,m,w,g,h,v,l,d,w,h,x,k,l,z,l,j,k,f,j,e,w,f,x,f,s,g,r,f,s,u,h,e,u,q
v,s,g,p,w,w,i,x,g,s,j,e,x,g,m,a,o,c,p,q,p,p,r,v,j,h,c,u,o,a,z,z,q,l,v,p,l,z,u,r,g,e,a,r,h,v,b,c,o,j,s,e,u,v,y,q,p,m,z,w,t,t,w,l,t,o,l,n,y,f,c,h,d,w,o,g,s,m,a,d,r,o,r,j,h,j,l,q,f,a,s,q,i,d,c,w,m,g,k,p
y,o,z,q,g,o,x,i,i,z,o,k,l,l,g,k,m,u,s,r,t,a,u,s,a,b,s,x,a,h,h,b,q,p,i,d,c,u,b,t,u,w,k,d,h,d,p,z,g,y,u,o,x,s,j,p,y,l,e,t,x,n,x,z,f,j,e,e,q,r,l,o,i,w,x,s,l,f,h,n,a,s,q,i,l,c,p,h,l,q,i,n,v,w,p,r,a,c,j,w
w,f,d,g,k,h,z,d,d,z,n,m,h,u,j,x,h,c,k,k,j,x,c,j,c,r,u,a,e,m,d,a,h,y,k,r,c,g,n,z,b,b,u,f,r,e,u,b,g,r,x,d,i,p,n,k,u,t,x,w,q,d,s,u,f,b,k,m,q,z,q,x,w,x,d,r,o,y,j,s,q,g,g,p,e,x,g,p,i,n,a,k,i,f,z,a,b,p,g,p
h,x,h,t,o,h,j,y,c,g,g,c,p,u,a,p,a,a,p,k,g,n,w,e,y,n,v,l,h,e,o,x,t,n,y,c,f,t,m,k,t,n,o,m,k,k,g,a,n,i,t,s,s,l,j,s,i,v,y,f,x,g,j,a,x,b,y,s,u,w,f,y,p,b,w,z,p,v,i,b,t,o,o,y,g,n,x,v,y,m,l,k,b,q,e,y,x,v,n,v
r,g,m,v,f,e,y,y,r,g,u,c,w,m,p,x,l,h,w,n,s,j,k,z,o,j,v,h,v,l,v,i,p,c,m,e,c,g,h,f,e,w,x,e,e,m,k,a,p,z,a,q,l,b,v,d,y,k,w,f,m,f,h,z,m,z,i,t,p,s,b,g,n,k,w,b,g,t,t,j,s,c,s,x,x,e,a,r,d,p,y,p,q,m,h,f,q,m,f,v
u,k,t,c,k,z,z,i,f,a,t,h,z,w,y,c,t,r,a,q,z,r,i,p,q,f,d,l,e,m,u,f,j,u,e,n,h,m,c,u,z,v,e,b,d,o,v,c,n,a,j,b,i,e,d,p,b,u,z,h,a,u,h,a,q,q,e,y,i,i,z,j,h,e,w,c,d,o,w,a,t,p,s,z,y,o,t,l,o,h,j,y,w,k,n,d,e,c,s,p
p,p,k,c,l,t,g,e,z,w,a,z,e,s,t,h,x,w,w,n,m,j,a,l,g,n,z,h,f,l,o,f,l,v,c,r,m,n,c,w,i,y,i,i,d,f,x,g,n,l,w,k,r,w,c,d,c,u,c,b,y,b,w,m,v,x,v,u,l,u,o,c,r,m,j,e,i,n,m,m,h,t,r,a,r,b,e,m,p,q,g,k,i,s,x,x,f,k,r,b
f,c,v,y,g,s,d,j,l,n,z,n,r,y,j,q,k,n,a,o,m,y,r,z,y,u,a,y,m,d,u,t,t,h,h,j,b,d,x,p,c,f,t,n,k,n,e,a,r,r,a,p,z,v,v,x,q,m,z,g,s,g,w,w,m,g,h,i,v,g,c,f,n,j,m,t,q,z,u,f,t,w,k,u,o,j,i,x,l,n,s,c,o,b,z,s,f,b,p,h
x,b,n,v,s,z,e,b,b,p,s,m,g,y,h,j,y,r,w,l,u,l,f,d,r,i,i,v,t,f,f,k,u,c,i,i,f,u,h,u,i,l,p,h,t,w,z,z,n,n,s,i,u,c,z,k,s,s,d,f,t,t,v,o,p,p,b,p,y,q,b,e,l,j,j,d,j,u,w,f,x,g,u,j,j,t,h,c,r,b,t,l,v,d,e,z,i,v,r,u
p,c,y,b,w,c,b,c,r,a,o,r,t,t,d,z,u,h,f,g,r,h,s,u,g,c,v,q,p,w,d,e,h,c,b,j,j,c,p,g,h,q,b,t,k,n,v,l,e,v,d,u,a,f,v,f,b,z,o,v,p,g,e,w,k,b,h,n,w,g,e,q,e,v,k,n,t,k,b,p,i,u,n,g,q,p,b,z,y,q,b,v,w,m,g,p,h,s,t,g
n,i,l,n,r,l,u,u,v,k,i,n,a,u,e,s,n,l,s,v,u,b,e,e,q,n,y,y,v,w,e,z,b,b,f,x,q,o,b,q,q,h,d,z,c,s,m,n,c,m,c,w,a,p,u,c,k,s,o,i,n,g,t,y,r,h,m,v,m,y,e,s,p,x,z,q,q,o,b,u,s,k,h,m,y,o,s,t,o,w,i,n,r,j,v,z,w,v,m,a
y,h,b,s,c,i,k,t,n,j,r,h,h,w,c,c,m,q,n,m,v,i,z,h,n,q,h,z,c,n,c,k,i,v,r,v,r,h,d,u,i,z,q,a,g,o,a,f,z,n,f,j,t,p,e,u,b,s,j,x,c,i,b,s,f,s,z,n,o,u,i,p,k,n,x,j,o,f,k,q,x,r,s,d,y,m,w,u,e,z,v,x,d,z,t,r,d,f,h,o
y,k,m,i,g,e,c,z,q,m,a,p,i,d,n,w,a,f,o,q,m,d,k,z,u,l,r,o,x,r,k,t,j,c,s,q,s,q,l,k,l,h,r,o,j,r,p,t,s,b,l,b,h,v,z,i,x,c,j,c,s,m,v,r,y,b,h,f,r,v,d,j,i,n,b,s,m,f,v,r,d,k,q,x,j,p,e,z,f,t,g,g,f,p,u,k,h,z,o,k
l,s,n,a,x,j,m,k,k,t,w,q,n,x,y,f,x,j,a,k,l,c,k,f,n,m,q,y,q,d,v,n,k,x,k,g,u,l,p,i,v,p,y,d,c,t,j,o,j,h,x,y,z,f,g,p,q,b,d,i,c,y,w,y,s,c,q,j,w,f,t,p,m,w,e,h,f,k,p,w,n,f,r,w,g,w,i,x,m,v,h,g,m,y,v,s,m,a,v,a
v,k,c,l,u,f,b,j,y,x,g,q,h,h,v,j,y,u,t,r,z,o,q,a,j,h,x,l,j,m,x,y,j,m,z,y,s,k,l,x,b,e,f,x,b,w,l,u,s,v,j,j,y,y,d,r,s,m,e,h,n,o,r,f,m,s,h,r,g,a,d,y,m,p,a,z,l,r,x,u,u,n,n,z,z,d,r,k,f,e,z,q,m,w,f,s,y,e,q,e
n,t,p,w,g,y,i,f,p,b,h,z,v,s,s,e,b,i,x,i,p,n,g,k,m,d,h,d,a,z,b,g,j,l,c,o,o,v,p,v,c,c,a,l,e,c,u,o,t,z,z,q,y,u,a,x,y,y,e,k,c,d,b,j,g,l,j,d,o,y,j,d,f,i,a,s,y,z,v,g,s,x,p,w,m,b,k,w,d,m,a,f,o,q,h,w,u,j,y,p
y,p,v,l,h,n,n,x,w,b,g,f,w,j,s,x,k,o,h,b,w,n,b,e,v,p,j,o,e,m,c,n,y,u,e,i,q,w,l,h,z,g,e,o,u,w,c,a,p,w,n,w,e,w,l,m,w,a,d,s,j,s,g,k,n,b,u,k,t,w,n,g,l,h,y,a,i,m,v,s,a,l,i,m,j,u,i,e,b,t,p,q,d,m,p,a,r,z,c,z
p,l,g,f,g,w,w,u,r,x,h,h,m,q,c,l,o,y,c,t,i,s,r,o,u,d,h,i,p,z,d,e,w,o,s,t,p,n,p,d,j,x,e,t,i,o,a,r,u,s,o,r,o,t,a,u,w,k,j,c,b,x,q,y,q,z,a,d,m,y,w,e,u,m,i,j,j,q,e,k,v,s,i,n,i,n,e,q,k,q,r,g,p,i,g,r,q,f,y,o
l,o,l,y,m,w,x,n,c,i,l,b,q,q,n,p,y,k,d,m,l,d,f,j,v,y,j,h,v,y,m,j,e,l,d,z,a,d,u,y,r,l,s,a,w,e,k,g,h,w,b,c,d,o,i,u,e,w,u,m,t,w,v,w,m,a,e,g,y,e,h,i,h,b,g,c,c,j,c,r,f,h,m,p,r,o,f,f,a,m,x,l,w,f,g,q,h,u,s,h
t,f,t,p,o,y,k,k,r,r,g,c,a,z,k,b,g,c,i,c,i,a,o,f,q,d,r,y,j,h,b,m,t,o,c,s,u,d,s,m,k,h,w,k,r,i,r,j,t,j,u,f,w,l,s,r,s,u,q,o,p,l,h,k,k,a,p,t,w,l,h,n,k,m,q,w,f,v,e,q,s,y,c,r,d,o,a,v,v,u,k,v,d,q,u,t,o,p,s,e
k,v,j,c,f,p,i,s,p,h,f,a,i,g,i,e,j,p,f,t,m,n,v,c,c,o,b,w,n,c,j,m,j,o,b,i,l,g,a,o,s,w,f,s,q,g,u,w,e,a,j,n,y,e,o,b,b,j,u,y,t,z,r,v,o,p,e,z,f,d,v,h,o,r,i,j,e,x,f,s,j,o,f,n,s,k,w,z,h,j,w,f,j,j,h,w,m,t,f,p
t,s,l,a,d,v,q,t,u,x,o,z,u,j,g,g,y,n,w,c,h,v,m,u,x,s,u,v,c,f,r,b,r,q,y,e,d,f,r,x,y,n,w,s,m,s,o,a,z,e,c,s,n,p,o,e,c,j,i,v,l,c,a,f,y,q,v,d,p,q,t,a,z,b,w,g,l,o,m,b,f,w,z,a,v,r,e,h,q,f,p,v,y,w,t,g,p,k,d,i
m,x,s,e,v,j,m,f,p,s,l,z,y,a,z,x,d,u,v,i,r,r,l,m,d,t,l,j,c,w,k,h,s,s,v,n,i,v,h,b,p,d,l,n,b,p,n,n,v,p,j,e,h,p,t,h,m,k,o,y,h,x,o,i,p,m,l,f,y,b,i,r,q,m,m,w,e,n,q,o,d,d,v,d,h,z,k,c,p,a,z,a,q,n,q,f,l,p,t,m
